pc_timestamp,elapsed_ms,distance_cm,flow_l_min,status
6/8/2026 13:52,4155,24.13,0.0,NORMAL
6/8/2026 13:52,4728,24.15,0.0,NORMAL
6/8/2026 13:52,5300,24.15,1.16,NORMAL
6/8/2026 13:52,5872,24.13,1.16,NORMAL
6/8/2026 13:52,6444,24.15,0.35,NORMAL
6/8/2026 13:52,7017,24.15,0.35,NORMAL
6/8/2026 13:52,7589,24.15,0.58,NORMAL
6/8/2026 13:52,8161,24.13,0.58,NORMAL
6/8/2026 13:52,8733,24.15,0.58,NORMAL
6/8/2026 13:52,9305,24.15,0.58,NORMAL
6/8/2026 13:52,9877,24.15,0.47,NORMAL
6/8/2026 13:52,10449,24.15,0.47,NORMAL
6/8/2026 13:52,11021,24.15,0.7,NORMAL
6/8/2026 13:52,11593,24.15,0.7,NORMAL
6/8/2026 13:52,12165,24.13,0.58,NORMAL
6/8/2026 13:52,12737,24.15,0.58,NORMAL
6/8/2026 13:52,13309,24.15,0.58,NORMAL
6/8/2026 13:52,13881,24.13,0.58,NORMAL
6/8/2026 13:52,14453,24.15,0.58,NORMAL
6/8/2026 13:52,15025,24.15,0.58,NORMAL
6/8/2026 13:52,15597,24.08,0.82,NORMAL
6/8/2026 13:52,16169,24.08,0.82,NORMAL
6/8/2026 13:52,16741,24.08,0.58,NORMAL
6/8/2026 13:52,17313,24.1,0.58,NORMAL
6/8/2026 13:52,17885,24.08,0.7,NORMAL
6/8/2026 13:52,18457,24.08,0.7,NORMAL
6/8/2026 13:52,19029,24.08,0.58,NORMAL
6/8/2026 13:52,19601,24.1,0.58,NORMAL
6/8/2026 13:52,20173,24.08,0.7,NORMAL
6/8/2026 13:52,20745,24.08,0.7,NORMAL
6/8/2026 13:52,21317,24.08,0.47,NORMAL
6/8/2026 13:52,21889,24.15,0.47,NORMAL
6/8/2026 13:52,22461,24.13,0.47,NORMAL
6/8/2026 13:52,23033,24.15,0.47,NORMAL
6/8/2026 13:52,23605,24.15,0.35,NORMAL
6/8/2026 13:52,24177,24.13,0.35,NORMAL
6/8/2026 13:52,24749,24.13,0.35,NORMAL
6/8/2026 13:52,25321,24.15,0.35,NORMAL
6/8/2026 13:52,25893,24.13,0.35,NORMAL
6/8/2026 13:52,26465,24.13,0.35,NORMAL
6/8/2026 13:53,27037,24.15,0.23,NORMAL
6/8/2026 13:53,27610,24.15,0.23,NORMAL
6/8/2026 13:53,28182,24.15,0.35,NORMAL
6/8/2026 13:53,28755,24.15,0.35,NORMAL
6/8/2026 13:53,29327,24.15,0.23,NORMAL
6/8/2026 13:53,29899,24.13,0.23,NORMAL
6/8/2026 13:53,30471,24.08,0.23,NORMAL
6/8/2026 13:53,31043,24.08,0.23,NORMAL
6/8/2026 13:53,31615,24.08,0.23,NORMAL
6/8/2026 13:53,32187,24.08,0.23,NORMAL
6/8/2026 13:53,32759,24.08,0.35,NORMAL
6/8/2026 13:53,33331,24.08,0.35,NORMAL
6/8/2026 13:53,33903,24.08,0.23,NORMAL
6/8/2026 13:53,34475,24.08,0.23,NORMAL
6/8/2026 13:53,35047,24.08,0.23,NORMAL
6/8/2026 13:53,35619,24.08,0.23,NORMAL
6/8/2026 13:53,36191,24.08,0.12,NORMAL
6/8/2026 13:53,36763,24.08,0.12,NORMAL
6/8/2026 13:53,37335,24.08,0.0,NORMAL
6/8/2026 13:53,37907,24.08,0.0,NORMAL
6/8/2026 13:53,38479,24.08,0.0,NORMAL
6/8/2026 13:53,39051,24.08,0.0,NORMAL
6/8/2026 13:53,39623,24.08,0.0,NORMAL
6/8/2026 13:53,40195,24.08,0.0,NORMAL
6/8/2026 13:53,40767,24.08,0.0,NORMAL
6/8/2026 13:53,41339,24.08,0.0,NORMAL
6/8/2026 13:53,41911,24.08,0.0,NORMAL
6/8/2026 13:53,42483,24.08,0.0,NORMAL
6/8/2026 13:53,43055,24.08,0.0,NORMAL
6/8/2026 13:53,43627,24.08,0.0,NORMAL
6/8/2026 13:53,44199,24.08,0.0,NORMAL
6/8/2026 13:53,44771,24.08,0.0,NORMAL
6/8/2026 13:53,45343,24.15,0.23,NORMAL
6/8/2026 13:53,45915,24.15,0.23,NORMAL
6/8/2026 13:53,46487,24.15,0.35,NORMAL
6/8/2026 13:53,47059,24.1,0.35,NORMAL
6/8/2026 13:53,47631,24.08,0.23,NORMAL
6/8/2026 13:53,48203,24.08,0.23,NORMAL
6/8/2026 13:53,48775,24.15,0.35,NORMAL
6/8/2026 13:53,49347,24.13,0.35,NORMAL
6/8/2026 13:53,49919,24.15,0.23,NORMAL
6/8/2026 13:53,50491,24.15,0.23,NORMAL
6/8/2026 13:53,51063,24.15,0.35,NORMAL
6/8/2026 13:53,51635,24.15,0.35,NORMAL
6/8/2026 13:53,52207,24.15,0.47,NORMAL
6/8/2026 13:53,52779,24.15,0.47,NORMAL
6/8/2026 13:53,53351,24.15,0.7,NORMAL
6/8/2026 13:53,53923,24.15,0.7,NORMAL
6/8/2026 13:53,54495,24.15,0.7,NORMAL
6/8/2026 13:53,55067,24.1,0.7,NORMAL
6/8/2026 13:53,55639,24.08,0.7,NORMAL
6/8/2026 13:53,56211,24.08,0.7,NORMAL
6/8/2026 13:53,56783,24.15,0.7,NORMAL
6/8/2026 13:53,57356,24.51,0.7,NORMAL
6/8/2026 13:53,57929,24.56,0.82,NORMAL
6/8/2026 13:53,58502,24.56,0.82,NORMAL
6/8/2026 13:53,59074,24.15,0.81,NORMAL
6/8/2026 13:53,59646,24.13,0.81,NORMAL
6/8/2026 13:53,60218,24.15,0.82,NORMAL
6/8/2026 13:53,60790,24.15,0.82,NORMAL
6/8/2026 13:53,61362,24.15,0.93,NORMAL
6/8/2026 13:53,61935,24.56,0.93,NORMAL
6/8/2026 13:53,62507,24.2,1.05,NORMAL
6/8/2026 13:53,63079,24.13,1.05,NORMAL
6/8/2026 13:53,63651,23.65,1.17,NORMAL
6/8/2026 13:53,64224,24.32,1.17,NORMAL
6/8/2026 13:53,64896,22.88,1.4,WARNING
6/8/2026 13:53,65570,22.52,1.4,WARNING
6/8/2026 13:53,66244,22.45,1.58,WARNING
6/8/2026 13:53,66918,22.76,1.58,WARNING
6/8/2026 13:53,67592,22.28,1.58,WARNING
6/8/2026 13:53,68266,22.21,1.58,WARNING
6/8/2026 13:53,68940,22.21,1.68,WARNING
6/8/2026 13:53,69614,22.16,1.68,WARNING
6/8/2026 13:53,70288,22.09,1.68,WARNING
6/8/2026 13:53,70962,22.09,1.68,WARNING
6/8/2026 13:53,71636,22.11,1.78,WARNING
6/8/2026 13:53,72310,22.23,1.78,WARNING
6/8/2026 13:53,72984,22.76,1.58,WARNING
6/8/2026 13:53,73658,22.52,1.58,WARNING
6/8/2026 13:53,74332,22.64,1.58,WARNING
6/8/2026 13:53,74906,23.19,1.58,NORMAL
6/8/2026 13:53,75578,22.93,1.5,WARNING
6/8/2026 13:53,76152,22.75,1.5,NORMAL
6/8/2026 13:53,76724,23.12,1.39,NORMAL
6/8/2026 13:53,77296,23.53,1.39,NORMAL
6/8/2026 13:53,77868,23.62,1.28,NORMAL
6/8/2026 13:53,78440,23.6,1.28,NORMAL
6/8/2026 13:53,79012,23.55,1.28,NORMAL
6/8/2026 13:53,79584,23.12,1.28,NORMAL
6/8/2026 13:53,80156,22.87,1.4,NORMAL
6/8/2026 13:53,80828,22.29,1.4,WARNING
6/8/2026 13:53,81502,22.64,1.39,WARNING
6/8/2026 13:53,82176,22.57,1.39,WARNING
6/8/2026 13:53,82850,22.57,1.38,WARNING
6/8/2026 13:53,83524,22.59,1.38,WARNING
6/8/2026 13:53,84198,23.0,1.48,WARNING
6/8/2026 13:53,84772,23.05,1.48,NORMAL
6/8/2026 13:53,85344,23.12,1.28,NORMAL
6/8/2026 13:53,85916,23.05,1.28,NORMAL
6/8/2026 13:53,86588,22.59,1.4,WARNING
6/8/2026 13:54,87262,22.88,1.4,WARNING
6/8/2026 13:54,87936,22.71,1.48,WARNING
6/8/2026 13:54,88610,22.57,1.48,WARNING
6/8/2026 13:54,89284,22.52,1.58,WARNING
6/8/2026 13:54,89958,22.45,1.58,WARNING
6/8/2026 13:54,90632,22.76,1.58,WARNING
6/8/2026 13:54,91306,22.35,1.58,WARNING
6/8/2026 13:54,91980,22.28,1.68,WARNING
6/8/2026 13:54,92654,22.21,1.68,WARNING
6/8/2026 13:54,93328,22.21,1.68,WARNING
6/8/2026 13:54,94002,22.16,1.68,WARNING
6/8/2026 13:54,94676,22.16,1.68,WARNING
6/8/2026 13:54,95350,22.16,1.68,WARNING
6/8/2026 13:54,96024,22.09,1.68,WARNING
6/8/2026 13:54,96698,22.09,1.68,WARNING
6/8/2026 13:54,97372,22.09,1.68,WARNING
6/8/2026 13:54,98046,22.04,1.68,WARNING
6/8/2026 13:54,98720,22.04,1.68,WARNING
6/8/2026 13:54,99394,22.04,1.68,WARNING
6/8/2026 13:54,100068,22.04,1.78,WARNING
6/8/2026 13:54,100742,22.04,1.78,WARNING
6/8/2026 13:54,101416,22.04,1.68,WARNING
6/8/2026 13:54,102090,22.04,1.68,WARNING
6/8/2026 13:54,102764,22.04,1.78,WARNING
6/8/2026 13:54,103438,22.04,1.78,WARNING
6/8/2026 13:54,104112,22.04,1.68,WARNING
6/8/2026 13:54,104786,22.04,1.68,WARNING
6/8/2026 13:54,105460,21.99,1.78,WARNING
6/8/2026 13:54,106134,21.97,1.78,WARNING
6/8/2026 13:54,106808,21.99,1.68,WARNING
6/8/2026 13:54,107482,21.97,1.68,WARNING
6/8/2026 13:54,108156,21.97,1.88,WARNING
6/8/2026 13:54,108830,21.97,1.88,WARNING
6/8/2026 13:54,109504,21.99,1.68,WARNING
6/8/2026 13:54,110178,21.97,1.68,WARNING
6/8/2026 13:54,110852,21.99,1.78,WARNING
6/8/2026 13:54,111526,22.47,1.78,WARNING
6/8/2026 13:54,112100,23.05,1.48,NORMAL
6/8/2026 13:54,112772,22.64,1.48,WARNING
6/8/2026 13:54,113446,22.21,1.5,WARNING
6/8/2026 13:54,114120,21.8,1.5,WARNING
6/8/2026 13:54,114394,20.84,1.88,OBSTRUCT
6/8/2026 13:54,114670,20.6,1.88,OBSTRUCT
6/8/2026 13:54,114946,20.24,1.88,OBSTRUCT
6/8/2026 13:54,115222,20.36,1.88,OBSTRUCT
6/8/2026 13:54,115498,20.53,2.18,OBSTRUCT
6/8/2026 13:54,115774,20.31,2.18,OBSTRUCT
6/8/2026 13:54,116050,20.48,2.18,OBSTRUCT
6/8/2026 13:54,116326,20.24,2.18,OBSTRUCT
6/8/2026 13:54,116602,20.29,2.54,OBSTRUCT
6/8/2026 13:54,116878,20.41,2.54,OBSTRUCT
6/8/2026 13:54,117154,20.24,2.54,OBSTRUCT
6/8/2026 13:54,117430,20.29,2.54,OBSTRUCT
6/8/2026 13:54,117706,20.43,2.78,OBSTRUCT
6/8/2026 13:54,117982,20.24,2.78,OBSTRUCT
6/8/2026 13:54,118258,20.36,2.78,OBSTRUCT
6/8/2026 13:54,118534,20.24,2.78,OBSTRUCT
6/8/2026 13:54,118810,20.31,2.78,OBSTRUCT
6/8/2026 13:54,119086,20.48,2.78,OBSTRUCT
6/8/2026 13:54,119362,20.31,2.78,OBSTRUCT
6/8/2026 13:54,119638,20.48,2.78,OBSTRUCT
6/8/2026 13:54,119914,20.24,3.14,OBSTRUCT
6/8/2026 13:54,120190,20.48,3.14,OBSTRUCT
6/8/2026 13:54,120466,20.29,3.14,OBSTRUCT
6/8/2026 13:54,120742,20.55,3.14,OBSTRUCT
6/8/2026 13:54,121018,20.36,3.26,OBSTRUCT
6/8/2026 13:54,121294,20.24,3.26,OBSTRUCT
6/8/2026 13:54,121570,20.43,3.26,OBSTRUCT
6/8/2026 13:54,121846,20.24,3.26,OBSTRUCT
6/8/2026 13:54,122122,20.24,3.5,HVYRAIN
6/8/2026 13:54,122396,20.43,3.5,HVYRAIN
6/8/2026 13:54,122670,20.24,3.5,HVYRAIN
6/8/2026 13:54,122944,20.24,3.34,HVYRAIN
6/8/2026 13:54,123218,20.48,3.65,HVYRAIN
6/8/2026 13:54,123492,20.36,3.65,HVYRAIN
6/8/2026 13:54,123766,20.24,3.65,HVYRAIN
6/8/2026 13:54,124040,20.24,3.65,HVYRAIN
6/8/2026 13:54,124314,20.48,3.77,HVYRAIN
6/8/2026 13:54,124588,20.53,3.77,HVYRAIN
6/8/2026 13:54,124862,20.55,3.77,HVYRAIN
6/8/2026 13:54,125136,20.53,3.77,HVYRAIN
6/8/2026 13:54,125410,20.6,3.77,HVYRAIN
6/8/2026 13:54,125684,20.24,3.77,HVYRAIN
6/8/2026 13:54,125958,20.24,3.77,HVYRAIN
6/8/2026 13:54,126232,20.24,3.77,HVYRAIN
6/8/2026 13:54,126506,20.24,3.65,HVYRAIN
6/8/2026 13:54,126780,20.24,3.65,HVYRAIN
6/8/2026 13:54,127054,20.24,3.65,HVYRAIN
6/8/2026 13:54,127328,20.24,3.65,HVYRAIN
6/8/2026 13:54,127602,20.24,3.77,HVYRAIN
6/8/2026 13:54,127876,20.24,3.77,HVYRAIN
6/8/2026 13:54,128150,20.24,3.77,HVYRAIN
6/8/2026 13:54,128424,20.31,3.77,HVYRAIN
6/8/2026 13:54,128698,20.31,3.77,HVYRAIN
6/8/2026 13:54,128972,20.31,3.77,HVYRAIN
6/8/2026 13:54,129246,20.31,3.77,HVYRAIN
6/8/2026 13:54,129520,20.31,3.77,HVYRAIN
6/8/2026 13:54,129794,20.31,3.17,HVYRAIN
6/8/2026 13:54,130068,20.31,3.65,HVYRAIN
6/8/2026 13:54,130342,20.31,3.65,HVYRAIN
6/8/2026 13:54,130616,20.31,3.65,HVYRAIN
6/8/2026 13:54,130890,20.31,3.77,HVYRAIN
6/8/2026 13:54,131164,20.29,3.77,HVYRAIN
6/8/2026 13:54,131438,20.31,3.77,HVYRAIN
6/8/2026 13:54,131712,20.31,3.77,HVYRAIN
6/8/2026 13:54,131986,20.24,3.77,HVYRAIN
6/8/2026 13:54,132260,20.24,3.77,HVYRAIN
6/8/2026 13:54,132534,20.24,3.77,HVYRAIN
6/8/2026 13:54,132808,20.24,3.77,HVYRAIN
6/8/2026 13:54,133082,20.24,3.77,HVYRAIN
6/8/2026 13:54,133356,20.24,3.22,HVYRAIN
6/8/2026 13:54,133630,20.24,3.77,HVYRAIN
6/8/2026 13:54,133904,20.24,3.77,HVYRAIN
6/8/2026 13:54,134178,20.24,3.65,HVYRAIN
6/8/2026 13:54,134452,20.24,3.65,HVYRAIN
6/8/2026 13:54,134726,20.24,3.65,HVYRAIN
6/8/2026 13:54,135000,20.24,3.65,HVYRAIN
6/8/2026 13:54,135274,20.24,3.77,HVYRAIN
6/8/2026 13:54,135548,20.24,3.33,HVYRAIN
6/8/2026 13:54,135822,20.24,3.77,HVYRAIN
6/8/2026 13:54,136096,20.24,3.77,HVYRAIN
6/8/2026 13:54,136370,20.24,3.37,HVYRAIN
6/8/2026 13:54,136644,20.24,3.65,HVYRAIN
6/8/2026 13:54,136918,20.24,3.65,HVYRAIN
6/8/2026 13:54,137192,20.24,3.65,HVYRAIN
6/8/2026 13:54,137466,20.24,3.77,HVYRAIN
6/8/2026 13:54,137740,20.24,3.44,HVYRAIN
6/8/2026 13:54,138014,20.24,3.77,HVYRAIN
6/8/2026 13:54,138288,20.24,3.77,HVYRAIN
6/8/2026 13:54,138562,20.24,3.77,HVYRAIN
6/8/2026 13:54,138836,20.24,3.77,HVYRAIN
6/8/2026 13:54,139110,20.24,3.77,HVYRAIN
6/8/2026 13:54,139384,20.24,3.18,HVYRAIN
6/8/2026 13:54,139658,20.24,3.65,HVYRAIN
6/8/2026 13:54,139932,20.24,3.65,HVYRAIN
6/8/2026 13:54,140206,20.24,3.42,HVYRAIN
6/8/2026 13:54,140480,20.24,3.65,HVYRAIN
6/8/2026 13:54,140754,20.24,3.77,HVYRAIN
6/8/2026 13:54,141028,20.24,3.77,HVYRAIN
6/8/2026 13:54,141302,20.24,3.77,HVYRAIN
6/8/2026 13:54,141576,20.24,3.77,HVYRAIN
6/8/2026 13:54,141850,20.24,3.77,HVYRAIN
6/8/2026 13:54,142124,20.55,3.77,HVYRAIN
6/8/2026 13:54,142398,20.36,3.77,HVYRAIN
6/8/2026 13:54,142672,20.24,3.77,HVYRAIN
6/8/2026 13:54,142946,20.55,3.77,HVYRAIN
6/8/2026 13:54,143220,20.43,3.77,HVYRAIN
6/8/2026 13:54,143494,20.36,3.77,HVYRAIN
6/8/2026 13:54,3768,20.31,3.77,HVYRAIN
6/8/2026 13:54,144042,20.31,3.77,HVYRAIN
6/8/2026 13:54,144316,20.24,3.77,HVYRAIN
6/8/2026 13:54,144590,20.24,3.77,HVYRAIN
6/8/2026 13:54,144864,20.24,3.77,HVYRAIN
6/8/2026 13:54,145138,20.24,3.89,HVYRAIN
6/8/2026 13:54,145412,20.24,3.89,HVYRAIN
6/8/2026 13:54,145686,20.24,3.89,HVYRAIN
6/8/2026 13:54,145960,20.55,3.89,HVYRAIN
6/8/2026 13:54,146234,20.55,3.89,HVYRAIN
6/8/2026 13:54,146508,20.55,3.89,HVYRAIN
6/8/2026 13:55,146782,20.48,3.89,HVYRAIN
6/8/2026 13:55,147056,20.48,3.89,HVYRAIN
6/8/2026 13:55,147330,20.41,3.89,HVYRAIN
6/8/2026 13:55,147604,20.41,3.89,HVYRAIN
6/8/2026 13:55,147878,20.36,3.89,HVYRAIN
6/8/2026 13:55,148152,20.36,3.89,HVYRAIN
6/8/2026 13:55,148426,20.31,4.01,HVYRAIN
6/8/2026 13:55,148700,20.29,4.01,HVYRAIN
6/8/2026 13:55,148974,20.24,4.01,HVYRAIN
6/8/2026 13:55,149248,20.24,4.01,HVYRAIN
6/8/2026 13:55,149522,20.24,3.89,HVYRAIN
6/8/2026 13:55,149796,20.24,3.89,HVYRAIN
6/8/2026 13:55,150070,20.24,3.89,HVYRAIN
6/8/2026 13:55,150344,20.24,3.89,HVYRAIN
6/8/2026 13:55,150618,20.24,4.01,HVYRAIN
6/8/2026 13:55,150892,20.55,4.01,HVYRAIN
6/8/2026 13:55,151166,20.48,4.01,HVYRAIN
6/8/2026 13:55,151440,20.48,4.01,HVYRAIN
6/8/2026 13:55,151714,20.48,4.01,HVYRAIN
6/8/2026 13:55,151988,20.48,4.01,HVYRAIN
6/8/2026 13:55,152262,20.48,4.01,HVYRAIN
6/8/2026 13:55,152536,20.43,4.01,HVYRAIN
6/8/2026 13:55,152810,20.43,4.01,HVYRAIN
6/8/2026 13:55,153084,20.43,4.01,HVYRAIN
6/8/2026 13:55,153358,20.43,4.01,HVYRAIN
6/8/2026 13:55,153632,20.43,4.01,HVYRAIN
6/8/2026 13:55,153906,20.43,4.01,HVYRAIN
6/8/2026 13:55,154180,20.43,4.01,HVYRAIN
6/8/2026 13:55,154454,20.36,4.01,HVYRAIN
6/8/2026 13:55,154728,20.36,4.01,HVYRAIN
6/8/2026 13:55,155002,20.36,4.01,HVYRAIN
6/8/2026 13:55,155276,20.36,4.01,HVYRAIN
6/8/2026 13:55,155550,20.36,4.01,HVYRAIN
6/8/2026 13:55,155824,20.31,4.01,HVYRAIN
6/8/2026 13:55,156098,20.31,4.01,HVYRAIN
6/8/2026 13:55,156372,20.31,4.01,HVYRAIN
6/8/2026 13:55,156646,20.31,4.01,HVYRAIN
6/8/2026 13:55,156920,20.31,4.01,HVYRAIN
6/8/2026 13:55,157194,20.24,4.01,HVYRAIN
6/8/2026 13:55,157468,20.24,4.01,HVYRAIN
6/8/2026 13:55,157742,20.24,4.01,HVYRAIN
6/8/2026 13:55,158016,20.24,4.01,HVYRAIN
6/8/2026 13:55,158290,20.24,4.14,HVYRAIN
6/8/2026 13:55,158564,20.24,4.14,HVYRAIN
6/8/2026 13:55,158838,20.24,4.14,HVYRAIN
6/8/2026 13:55,159112,20.24,4.14,HVYRAIN
6/8/2026 13:55,159386,20.24,4.01,HVYRAIN
6/8/2026 13:55,159660,20.24,4.01,HVYRAIN
6/8/2026 13:55,159934,20.24,4.01,HVYRAIN
6/8/2026 13:55,160208,20.24,4.01,HVYRAIN
6/8/2026 13:55,160482,20.24,4.14,HVYRAIN
6/8/2026 13:55,160756,20.24,4.14,HVYRAIN
6/8/2026 13:55,161030,20.24,4.14,HVYRAIN
6/8/2026 13:55,161304,20.24,4.14,HVYRAIN
6/8/2026 13:55,161578,20.24,4.01,HVYRAIN
6/8/2026 13:55,161852,20.24,4.01,HVYRAIN
6/8/2026 13:55,162126,20.24,4.01,HVYRAIN
6/8/2026 13:55,162400,20.24,4.01,HVYRAIN
6/8/2026 13:55,162674,20.24,4.14,HVYRAIN
6/8/2026 13:55,162948,20.24,4.14,HVYRAIN
6/8/2026 13:55,163222,20.24,4.14,HVYRAIN
6/8/2026 13:55,163496,20.24,4.14,HVYRAIN
6/8/2026 13:55,163770,20.24,4.01,HVYRAIN
6/8/2026 13:55,164044,20.24,4.01,HVYRAIN
6/8/2026 13:55,164318,20.24,4.01,HVYRAIN
6/8/2026 13:55,164592,20.24,4.01,HVYRAIN
6/8/2026 13:55,164866,20.24,4.14,HVYRAIN
6/8/2026 13:55,165140,20.24,4.14,HVYRAIN
6/8/2026 13:55,165414,20.24,4.14,HVYRAIN
6/8/2026 13:55,165688,20.24,4.14,HVYRAIN
6/8/2026 13:55,165962,20.24,4.14,HVYRAIN
6/8/2026 13:55,166236,20.24,4.14,HVYRAIN
6/8/2026 13:55,166510,20.24,4.14,HVYRAIN
6/8/2026 13:55,166784,20.24,4.14,HVYRAIN
6/8/2026 13:55,167058,20.24,4.14,HVYRAIN
6/8/2026 13:55,167332,20.24,4.14,HVYRAIN
6/8/2026 13:55,167606,20.24,4.14,HVYRAIN
6/8/2026 13:55,167880,20.24,4.14,HVYRAIN
6/8/2026 13:55,168154,20.24,4.01,HVYRAIN
6/8/2026 13:55,168428,20.24,4.01,HVYRAIN
6/8/2026 13:55,168702,20.24,4.01,HVYRAIN
6/8/2026 13:55,168976,20.24,4.01,HVYRAIN
6/8/2026 13:55,169250,20.24,4.26,HVYRAIN
6/8/2026 13:55,169524,20.24,4.26,HVYRAIN
6/8/2026 13:55,169798,20.24,4.26,HVYRAIN
6/8/2026 13:55,170072,20.24,4.26,HVYRAIN
6/8/2026 13:55,170346,20.24,4.01,HVYRAIN
6/8/2026 13:55,170620,20.24,4.01,HVYRAIN
6/8/2026 13:55,170894,20.24,4.01,HVYRAIN
6/8/2026 13:55,171168,20.24,4.01,HVYRAIN
6/8/2026 13:55,171442,20.24,4.14,HVYRAIN
6/8/2026 13:55,171716,20.24,4.14,HVYRAIN
6/8/2026 13:55,171990,20.24,4.14,HVYRAIN
6/8/2026 13:55,172264,20.24,4.14,HVYRAIN
6/8/2026 13:55,172538,20.24,4.01,HVYRAIN
6/8/2026 13:55,172812,20.55,4.01,HVYRAIN
6/8/2026 13:55,173086,20.53,4.01,HVYRAIN
6/8/2026 13:55,173360,20.48,4.01,HVYRAIN
6/8/2026 13:55,173634,20.48,4.14,HVYRAIN
6/8/2026 13:55,173908,20.48,4.14,HVYRAIN
6/8/2026 13:55,174182,20.48,4.14,HVYRAIN
6/8/2026 13:55,174456,20.48,4.14,HVYRAIN
6/8/2026 13:55,174730,20.48,4.01,HVYRAIN
6/8/2026 13:55,175004,20.48,4.01,HVYRAIN
6/8/2026 13:55,175278,20.48,4.01,HVYRAIN
6/8/2026 13:55,175552,20.48,4.01,HVYRAIN
6/8/2026 13:55,175826,20.48,4.14,HVYRAIN
6/8/2026 13:55,176100,20.48,4.14,HVYRAIN
6/8/2026 13:55,176374,20.48,4.14,HVYRAIN
6/8/2026 13:55,176648,20.48,4.14,HVYRAIN
6/8/2026 13:55,176922,20.41,4.14,HVYRAIN
6/8/2026 13:55,177196,20.43,4.14,HVYRAIN
6/8/2026 13:55,177470,20.43,4.14,HVYRAIN
6/8/2026 13:55,177744,20.41,4.14,HVYRAIN
6/8/2026 13:55,178018,20.43,4.14,HVYRAIN
6/8/2026 13:55,178292,20.41,4.14,HVYRAIN
6/8/2026 13:55,178566,20.43,4.14,HVYRAIN
6/8/2026 13:55,178840,20.43,4.14,HVYRAIN
6/8/2026 13:55,179114,20.43,4.14,HVYRAIN
6/8/2026 13:55,179388,20.36,4.14,HVYRAIN
6/8/2026 13:55,179662,20.48,4.14,HVYRAIN
6/8/2026 13:55,179936,20.24,4.14,HVYRAIN
6/8/2026 13:55,180210,20.29,4.01,HVYRAIN
6/8/2026 13:55,180484,20.29,4.01,HVYRAIN
6/8/2026 13:55,180758,20.36,4.01,HVYRAIN
6/8/2026 13:55,181032,20.43,4.01,HVYRAIN
6/8/2026 13:55,181306,20.48,4.01,HVYRAIN
6/8/2026 13:55,181580,20.55,4.01,HVYRAIN
6/8/2026 13:55,181854,20.24,4.01,HVYRAIN
6/8/2026 13:55,182128,20.24,4.01,HVYRAIN
6/8/2026 13:55,182402,20.24,3.89,HVYRAIN
6/8/2026 13:55,182676,20.36,3.89,HVYRAIN
6/8/2026 13:55,182950,20.43,3.89,HVYRAIN
6/8/2026 13:55,183224,20.48,3.89,HVYRAIN
6/8/2026 13:55,183498,20.55,4.01,HVYRAIN
6/8/2026 13:55,183772,20.24,4.01,HVYRAIN
6/8/2026 13:55,184046,20.24,4.01,HVYRAIN
6/8/2026 13:55,184320,20.24,4.01,HVYRAIN
6/8/2026 13:55,184594,20.31,3.77,HVYRAIN
6/8/2026 13:55,184868,20.36,3.77,HVYRAIN
6/8/2026 13:55,185142,20.43,3.77,HVYRAIN
6/8/2026 13:55,185416,20.84,3.77,HVYRAIN
6/8/2026 13:55,185690,20.24,3.89,HVYRAIN
6/8/2026 13:55,185964,20.24,3.89,HVYRAIN
6/8/2026 13:55,186238,20.36,3.89,HVYRAIN
6/8/2026 13:55,186512,20.43,3.89,HVYRAIN
6/8/2026 13:55,186786,20.43,3.89,HVYRAIN
6/8/2026 13:55,187060,20.48,3.89,HVYRAIN
6/8/2026 13:55,187334,20.53,3.89,HVYRAIN
6/8/2026 13:55,187608,20.55,3.89,HVYRAIN
6/8/2026 13:55,187882,20.24,3.77,HVYRAIN
6/8/2026 13:55,188156,20.24,3.77,HVYRAIN
6/8/2026 13:55,188430,20.24,3.31,HVYRAIN
6/8/2026 13:55,188704,20.24,3.77,HVYRAIN
6/8/2026 13:55,188978,20.31,3.77,HVYRAIN
6/8/2026 13:55,189252,20.31,3.77,HVYRAIN
6/8/2026 13:55,189526,20.36,3.77,HVYRAIN
6/8/2026 13:55,189800,20.36,3.77,HVYRAIN
6/8/2026 13:55,190074,20.41,3.65,HVYRAIN
6/8/2026 13:55,190348,20.48,3.65,HVYRAIN
6/8/2026 13:55,190622,20.48,3.65,HVYRAIN
6/8/2026 13:55,190896,20.55,3.65,HVYRAIN
6/8/2026 13:55,191170,20.24,3.77,HVYRAIN
6/8/2026 13:55,191444,20.24,3.77,HVYRAIN
6/8/2026 13:55,191718,20.24,3.77,HVYRAIN
6/8/2026 13:55,191992,20.24,3.77,HVYRAIN
6/8/2026 13:55,192266,20.24,3.65,HVYRAIN
6/8/2026 13:55,192540,20.24,3.65,HVYRAIN
6/8/2026 13:55,192814,20.24,3.65,HVYRAIN
6/8/2026 13:55,193088,20.24,3.65,HVYRAIN
6/8/2026 13:55,193362,20.24,3.65,HVYRAIN
6/8/2026 13:55,193636,20.24,3.65,HVYRAIN
6/8/2026 13:55,193910,20.24,3.16,HVYRAIN
6/8/2026 13:55,194184,20.29,3.65,HVYRAIN
6/8/2026 13:55,194458,20.31,3.65,HVYRAIN
6/8/2026 13:55,194732,20.29,3.65,HVYRAIN
6/8/2026 13:55,195006,20.36,3.65,HVYRAIN
6/8/2026 13:55,195280,20.36,3.65,HVYRAIN
6/8/2026 13:55,195554,20.36,3.65,HVYRAIN
6/8/2026 13:55,195828,20.36,3.65,HVYRAIN
6/8/2026 13:55,196102,20.43,3.65,HVYRAIN
6/8/2026 13:55,196376,20.43,3.65,HVYRAIN
6/8/2026 13:55,196650,20.43,3.65,HVYRAIN
6/8/2026 13:55,196924,20.43,3.65,HVYRAIN
6/8/2026 13:55,197198,20.48,3.65,HVYRAIN
6/8/2026 13:55,197472,20.48,3.65,HVYRAIN
6/8/2026 13:55,197746,20.48,3.65,HVYRAIN
6/8/2026 13:55,198020,20.48,3.65,HVYRAIN
6/8/2026 13:55,198294,20.48,3.29,HVYRAIN
6/8/2026 13:55,198568,20.48,3.65,HVYRAIN
6/8/2026 13:55,198842,20.48,3.28,HVYRAIN
6/8/2026 13:55,199116,20.55,3.65,HVYRAIN
6/8/2026 13:55,199390,20.55,3.65,HVYRAIN
6/8/2026 13:55,199664,20.55,3.26,HVYRAIN
6/8/2026 13:55,199938,20.24,3.65,HVYRAIN
6/8/2026 13:55,200212,20.24,3.65,HVYRAIN
6/8/2026 13:55,200486,20.24,3.65,HVYRAIN
6/8/2026 13:55,200760,20.24,3.65,HVYRAIN
6/8/2026 13:55,201034,20.24,3.53,HVYRAIN
6/8/2026 13:55,201308,20.24,3.53,HVYRAIN
6/8/2026 13:55,201582,20.24,3.53,HVYRAIN
6/8/2026 13:55,201856,20.24,3.53,HVYRAIN
6/8/2026 13:55,202130,20.24,3.17,HVYRAIN
6/8/2026 13:55,202404,20.24,3.65,HVYRAIN
6/8/2026 13:55,202678,20.24,3.65,HVYRAIN
6/8/2026 13:55,202952,20.24,3.65,HVYRAIN
6/8/2026 13:55,203226,20.24,3.65,HVYRAIN
6/8/2026 13:55,203500,20.24,3.28,HVYRAIN
6/8/2026 13:55,203774,20.24,3.65,HVYRAIN
6/8/2026 13:55,204048,20.24,3.65,HVYRAIN
6/8/2026 13:55,204322,20.24,3.53,HVYRAIN
6/8/2026 13:55,204596,20.24,3.3,HVYRAIN
6/8/2026 13:55,204870,20.24,3.53,HVYRAIN
6/8/2026 13:55,205144,20.24,3.53,HVYRAIN
6/8/2026 13:55,205418,20.24,3.53,HVYRAIN
6/8/2026 13:55,205692,20.24,3.16,HVYRAIN
6/8/2026 13:55,205966,20.24,3.53,HVYRAIN
6/8/2026 13:55,206240,20.24,3.53,HVYRAIN
6/8/2026 13:55,206514,20.24,3.65,HVYRAIN
6/8/2026 13:56,206788,20.24,3.65,HVYRAIN
6/8/2026 13:56,207062,20.24,3.65,HVYRAIN
6/8/2026 13:56,207336,20.24,3.65,HVYRAIN
6/8/2026 13:56,207610,20.24,3.53,HVYRAIN
6/8/2026 13:56,207884,20.24,3.53,HVYRAIN
6/8/2026 13:56,208158,20.24,3.53,HVYRAIN
6/8/2026 13:56,208432,20.29,3.53,HVYRAIN
6/8/2026 13:56,208706,20.31,3.53,HVYRAIN
6/8/2026 13:56,208980,20.31,3.17,HVYRAIN
6/8/2026 13:56,209254,20.31,3.53,HVYRAIN
6/8/2026 13:56,209528,20.31,3.53,HVYRAIN
6/8/2026 13:56,209802,20.31,3.65,HVYRAIN
6/8/2026 13:56,210076,20.31,3.65,HVYRAIN
6/8/2026 13:56,210350,20.29,3.65,HVYRAIN
6/8/2026 13:56,210624,20.29,3.65,HVYRAIN
6/8/2026 13:56,210898,20.31,3.53,HVYRAIN
6/8/2026 13:56,211172,20.29,3.53,HVYRAIN
6/8/2026 13:56,211446,20.31,3.53,HVYRAIN
6/8/2026 13:56,211720,20.31,3.53,HVYRAIN
6/8/2026 13:56,211994,20.31,3.31,HVYRAIN
6/8/2026 13:56,212268,20.31,3.65,HVYRAIN
6/8/2026 13:56,212542,20.31,3.65,HVYRAIN
6/8/2026 13:56,212816,20.31,3.65,HVYRAIN
6/8/2026 13:56,213090,20.31,3.53,HVYRAIN
6/8/2026 13:56,213364,20.31,3.53,HVYRAIN
6/8/2026 13:56,213638,20.31,3.53,HVYRAIN
6/8/2026 13:56,213912,20.29,3.17,HVYRAIN
6/8/2026 13:56,214186,20.36,3.65,HVYRAIN
6/8/2026 13:56,214460,20.36,3.65,HVYRAIN
6/8/2026 13:56,214734,20.36,3.65,HVYRAIN
6/8/2026 13:56,215008,20.36,3.65,HVYRAIN
6/8/2026 13:56,215282,20.36,3.53,HVYRAIN
6/8/2026 13:56,215556,20.36,3.53,HVYRAIN
6/8/2026 13:56,215830,20.36,3.53,HVYRAIN
6/8/2026 13:56,216104,20.43,3.4,HVYRAIN
6/8/2026 13:56,216378,20.43,3.53,HVYRAIN
6/8/2026 13:56,216652,20.41,3.53,HVYRAIN
6/8/2026 13:56,216926,20.43,3.53,HVYRAIN
6/8/2026 13:56,217200,20.43,3.44,HVYRAIN
6/8/2026 13:56,217474,20.41,3.65,HVYRAIN
6/8/2026 13:56,217748,20.43,3.65,HVYRAIN
6/8/2026 13:56,218022,20.43,3.65,HVYRAIN
6/8/2026 13:56,218296,20.43,3.65,HVYRAIN
6/8/2026 13:56,218570,20.43,3.53,HVYRAIN
6/8/2026 13:56,218844,20.43,3.35,HVYRAIN
6/8/2026 13:56,219118,20.43,3.53,HVYRAIN
6/8/2026 13:56,219392,20.43,3.53,HVYRAIN
6/8/2026 13:56,219666,20.43,3.53,HVYRAIN
6/8/2026 13:56,219940,20.43,3.53,HVYRAIN
6/8/2026 13:56,220214,20.43,3.53,HVYRAIN
6/8/2026 13:56,220488,20.43,3.53,HVYRAIN
6/8/2026 13:56,220762,20.43,3.65,HVYRAIN
6/8/2026 13:56,221036,20.43,3.65,HVYRAIN
6/8/2026 13:56,221310,20.43,3.65,HVYRAIN
6/8/2026 13:56,221584,20.43,3.65,HVYRAIN
6/8/2026 13:56,221858,20.41,3.53,HVYRAIN
6/8/2026 13:56,222132,20.43,3.53,HVYRAIN
6/8/2026 13:56,222406,20.43,3.53,HVYRAIN
6/8/2026 13:56,222680,20.36,3.53,HVYRAIN
6/8/2026 13:56,222954,20.36,3.65,HVYRAIN
6/8/2026 13:56,223228,20.36,3.65,HVYRAIN
6/8/2026 13:56,223502,20.36,3.65,HVYRAIN
6/8/2026 13:56,223776,20.36,3.65,HVYRAIN
6/8/2026 13:56,224050,20.36,3.53,HVYRAIN
6/8/2026 13:56,224324,20.36,3.53,HVYRAIN
6/8/2026 13:56,224598,20.36,3.41,HVYRAIN
6/8/2026 13:56,224872,20.36,3.53,HVYRAIN
6/8/2026 13:56,225146,20.36,3.53,HVYRAIN
6/8/2026 13:56,225420,20.36,3.53,HVYRAIN
6/8/2026 13:56,225694,20.36,3.32,HVYRAIN
6/8/2026 13:56,225968,20.36,3.53,HVYRAIN
6/8/2026 13:56,226242,20.36,3.35,HVYRAIN
6/8/2026 13:56,226516,20.36,3.65,HVYRAIN
6/8/2026 13:56,226790,20.36,3.65,HVYRAIN
6/8/2026 13:56,227064,20.36,3.65,HVYRAIN
6/8/2026 13:56,227338,20.36,3.65,HVYRAIN
6/8/2026 13:56,227612,20.36,3.65,HVYRAIN
6/8/2026 13:56,227886,20.36,3.65,HVYRAIN
6/8/2026 13:56,228160,20.36,3.65,HVYRAIN
6/8/2026 13:56,228434,20.36,3.65,HVYRAIN
6/8/2026 13:56,228708,20.36,3.65,HVYRAIN
6/8/2026 13:56,228982,20.36,3.65,HVYRAIN
6/8/2026 13:56,229256,20.36,3.65,HVYRAIN
6/8/2026 13:56,229530,20.36,3.65,HVYRAIN
6/8/2026 13:56,229804,20.36,3.65,HVYRAIN
6/8/2026 13:56,230078,20.36,3.65,HVYRAIN
6/8/2026 13:56,230352,20.36,3.65,HVYRAIN
6/8/2026 13:56,230626,20.36,3.53,HVYRAIN
6/8/2026 13:56,230900,20.31,3.53,HVYRAIN
6/8/2026 13:56,231174,20.31,3.53,HVYRAIN
6/8/2026 13:56,231448,20.31,3.53,HVYRAIN
6/8/2026 13:56,231722,20.31,3.44,HVYRAIN
6/8/2026 13:56,231996,20.31,3.53,HVYRAIN
6/8/2026 13:56,232270,20.31,3.53,HVYRAIN
6/8/2026 13:56,232544,20.31,3.37,HVYRAIN
6/8/2026 13:56,232818,20.31,3.65,HVYRAIN
6/8/2026 13:56,233092,20.31,3.65,HVYRAIN
6/8/2026 13:56,233366,20.31,3.65,HVYRAIN
6/8/2026 13:56,233640,20.31,3.65,HVYRAIN
6/8/2026 13:56,233914,20.31,3.53,HVYRAIN
6/8/2026 13:56,234188,20.31,3.53,HVYRAIN
6/8/2026 13:56,234462,20.36,3.53,HVYRAIN
6/8/2026 13:56,234736,20.36,3.53,HVYRAIN
6/8/2026 13:56,235010,20.36,3.65,HVYRAIN
6/8/2026 13:56,235284,20.36,3.65,HVYRAIN
6/8/2026 13:56,235558,20.36,3.18,HVYRAIN
6/8/2026 13:56,235832,20.36,3.65,HVYRAIN
6/8/2026 13:56,236106,20.36,3.53,HVYRAIN
6/8/2026 13:56,236380,20.36,3.53,HVYRAIN
6/8/2026 13:56,236654,20.36,3.53,HVYRAIN
6/8/2026 13:56,236928,20.36,3.53,HVYRAIN
6/8/2026 13:56,237202,20.29,3.53,HVYRAIN
6/8/2026 13:56,237476,20.31,3.53,HVYRAIN
6/8/2026 13:56,237750,20.31,3.53,HVYRAIN
6/8/2026 13:56,238024,20.31,3.53,HVYRAIN
6/8/2026 13:56,238298,20.31,3.24,HVYRAIN
6/8/2026 13:56,238572,20.31,3.65,HVYRAIN
6/8/2026 13:56,238846,20.31,3.65,HVYRAIN
6/8/2026 13:56,239120,20.31,3.65,HVYRAIN
6/8/2026 13:56,239394,20.31,3.65,HVYRAIN
6/8/2026 13:56,239668,20.31,3.65,HVYRAIN
6/8/2026 13:56,239942,20.31,3.27,HVYRAIN
6/8/2026 13:56,240216,20.31,3.65,HVYRAIN
6/8/2026 13:56,240490,20.31,3.39,HVYRAIN
6/8/2026 13:56,240764,20.31,3.53,HVYRAIN
6/8/2026 13:56,241038,20.31,3.53,HVYRAIN
6/8/2026 13:56,241312,20.31,3.53,HVYRAIN
6/8/2026 13:56,241586,20.31,3.65,HVYRAIN
6/8/2026 13:56,241860,20.31,3.65,HVYRAIN
6/8/2026 13:56,242134,20.31,3.65,HVYRAIN
6/8/2026 13:56,242408,20.31,3.65,HVYRAIN
6/8/2026 13:56,242682,20.31,3.53,HVYRAIN
6/8/2026 13:56,242956,20.31,3.53,HVYRAIN
6/8/2026 13:56,243230,20.31,3.53,HVYRAIN
6/8/2026 13:56,243504,20.31,3.53,HVYRAIN
6/8/2026 13:56,243778,20.31,3.65,HVYRAIN
6/8/2026 13:56,244052,20.31,3.65,HVYRAIN
6/8/2026 13:56,244326,20.31,3.65,HVYRAIN
6/8/2026 13:56,244600,20.31,3.65,HVYRAIN
6/8/2026 13:56,244874,20.31,3.32,HVYRAIN
6/8/2026 13:56,245148,20.31,3.53,HVYRAIN
6/8/2026 13:56,245422,20.31,3.53,HVYRAIN
6/8/2026 13:56,245696,20.31,3.53,HVYRAIN
6/8/2026 13:56,245970,20.31,3.53,HVYRAIN
6/8/2026 13:56,246244,20.31,3.53,HVYRAIN
6/8/2026 13:56,246518,20.31,3.53,HVYRAIN
6/8/2026 13:56,246792,20.31,3.53,HVYRAIN
6/8/2026 13:56,247066,20.31,3.32,HVYRAIN
6/8/2026 13:56,247340,20.29,3.65,HVYRAIN
6/8/2026 13:56,247614,20.31,3.22,HVYRAIN
6/8/2026 13:56,247888,20.31,3.65,HVYRAIN
6/8/2026 13:56,248162,20.31,3.53,HVYRAIN
6/8/2026 13:56,248436,20.31,3.53,HVYRAIN
6/8/2026 13:56,248710,20.31,3.53,HVYRAIN
6/8/2026 13:56,248984,20.31,3.53,HVYRAIN
6/8/2026 13:56,249258,20.31,3.53,HVYRAIN
6/8/2026 13:56,249532,20.36,3.32,HVYRAIN
6/8/2026 13:56,249806,20.36,3.53,HVYRAIN
6/8/2026 13:56,250080,20.36,3.53,HVYRAIN
6/8/2026 13:56,250354,20.36,3.53,HVYRAIN
6/8/2026 13:56,250628,20.36,3.53,HVYRAIN
6/8/2026 13:56,250902,20.36,3.53,HVYRAIN
6/8/2026 13:56,251176,20.36,3.53,HVYRAIN
6/8/2026 13:56,251450,20.36,3.18,HVYRAIN
6/8/2026 13:56,251724,20.36,3.65,HVYRAIN
6/8/2026 13:56,251998,20.36,3.21,HVYRAIN
6/8/2026 13:56,252272,20.36,3.65,HVYRAIN
6/8/2026 13:56,252546,20.36,3.53,HVYRAIN
6/8/2026 13:56,252820,20.36,3.53,HVYRAIN
6/8/2026 13:56,253094,20.36,3.53,HVYRAIN
6/8/2026 13:56,253368,20.36,3.53,HVYRAIN
6/8/2026 13:56,253642,20.36,3.53,HVYRAIN
6/8/2026 13:56,253916,20.36,3.53,HVYRAIN
6/8/2026 13:56,254190,20.36,3.53,HVYRAIN
6/8/2026 13:56,254464,20.36,3.53,HVYRAIN
6/8/2026 13:56,254738,20.36,3.65,HVYRAIN
6/8/2026 13:56,255012,20.36,3.65,HVYRAIN
6/8/2026 13:56,255286,20.36,3.65,HVYRAIN
6/8/2026 13:56,255560,20.36,3.18,HVYRAIN
6/8/2026 13:56,255834,20.36,3.53,HVYRAIN
6/8/2026 13:56,256108,20.36,3.53,HVYRAIN
6/8/2026 13:56,256382,20.36,3.53,HVYRAIN
6/8/2026 13:56,256656,20.36,3.53,HVYRAIN
6/8/2026 13:56,256930,20.36,3.65,HVYRAIN
6/8/2026 13:56,257204,20.36,3.65,HVYRAIN
6/8/2026 13:56,257478,20.36,3.65,HVYRAIN
6/8/2026 13:56,257752,20.36,3.65,HVYRAIN
6/8/2026 13:56,258026,20.36,3.36,HVYRAIN
6/8/2026 13:56,258300,20.36,3.53,HVYRAIN
6/8/2026 13:56,258574,20.36,3.53,HVYRAIN
6/8/2026 13:56,258848,20.36,3.53,HVYRAIN
6/8/2026 13:56,259122,20.36,3.53,HVYRAIN
6/8/2026 13:56,259396,20.36,3.53,HVYRAIN
6/8/2026 13:56,259670,20.36,3.53,HVYRAIN
6/8/2026 13:56,259944,20.36,3.53,HVYRAIN
6/8/2026 13:56,260218,20.36,3.65,HVYRAIN
6/8/2026 13:56,260492,20.36,3.65,HVYRAIN
6/8/2026 13:56,260766,20.36,3.19,HVYRAIN
6/8/2026 13:56,261040,20.36,3.65,HVYRAIN
6/8/2026 13:56,261314,20.36,3.53,HVYRAIN
6/8/2026 13:56,261588,20.36,3.53,HVYRAIN
6/8/2026 13:56,261862,20.36,3.53,HVYRAIN
6/8/2026 13:56,262136,20.36,3.53,HVYRAIN
6/8/2026 13:56,262410,20.36,3.53,HVYRAIN
6/8/2026 13:56,262684,20.36,3.53,HVYRAIN
6/8/2026 13:56,262958,20.36,3.53,HVYRAIN
6/8/2026 13:56,263232,20.36,3.53,HVYRAIN
6/8/2026 13:56,263506,20.36,3.65,HVYRAIN
6/8/2026 13:56,263780,20.36,3.3,HVYRAIN
6/8/2026 13:56,264054,20.36,3.65,HVYRAIN
6/8/2026 13:56,264328,20.36,3.65,HVYRAIN
6/8/2026 13:56,264602,20.36,3.53,HVYRAIN
6/8/2026 13:56,264876,20.36,3.53,HVYRAIN
6/8/2026 13:56,265150,20.36,3.53,HVYRAIN
6/8/2026 13:56,265424,20.36,3.53,HVYRAIN
6/8/2026 13:56,265698,20.36,3.65,HVYRAIN
6/8/2026 13:56,265972,20.36,3.65,HVYRAIN
6/8/2026 13:56,266246,20.36,3.65,HVYRAIN
6/8/2026 13:56,266520,20.36,3.65,HVYRAIN
6/8/2026 13:57,266794,20.36,3.65,HVYRAIN
6/8/2026 13:57,267068,20.36,3.65,HVYRAIN
6/8/2026 13:57,267342,20.36,3.65,HVYRAIN
6/8/2026 13:57,267616,20.36,3.65,HVYRAIN
6/8/2026 13:57,267890,20.36,3.53,HVYRAIN
6/8/2026 13:57,268164,20.36,3.53,HVYRAIN
6/8/2026 13:57,268438,20.36,3.53,HVYRAIN
6/8/2026 13:57,268712,20.36,3.53,HVYRAIN
6/8/2026 13:57,268986,20.36,3.53,HVYRAIN
6/8/2026 13:57,269260,20.36,3.53,HVYRAIN
6/8/2026 13:57,269534,20.34,3.53,HVYRAIN
6/8/2026 13:57,269808,20.36,3.53,HVYRAIN
6/8/2026 13:57,270082,20.36,3.53,HVYRAIN
6/8/2026 13:57,270356,20.36,3.26,HVYRAIN
6/8/2026 13:57,270630,20.36,3.53,HVYRAIN
6/8/2026 13:57,270904,20.36,3.53,HVYRAIN
6/8/2026 13:57,271178,20.36,3.65,HVYRAIN
6/8/2026 13:57,271452,20.36,3.65,HVYRAIN
6/8/2026 13:57,271726,20.36,3.65,HVYRAIN
6/8/2026 13:57,272000,20.36,3.65,HVYRAIN
6/8/2026 13:57,272274,20.36,3.53,HVYRAIN
6/8/2026 13:57,272548,20.36,3.53,HVYRAIN
6/8/2026 13:57,272822,20.36,3.53,HVYRAIN
6/8/2026 13:57,273096,20.36,3.32,HVYRAIN
6/8/2026 13:57,273370,20.36,3.65,HVYRAIN
6/8/2026 13:57,273644,20.36,3.65,HVYRAIN
6/8/2026 13:57,273918,20.36,3.65,HVYRAIN
6/8/2026 13:57,274192,20.31,3.65,HVYRAIN
6/8/2026 13:57,274466,20.36,3.53,HVYRAIN
6/8/2026 13:57,274740,20.31,3.53,HVYRAIN
6/8/2026 13:57,275014,20.31,3.53,HVYRAIN
6/8/2026 13:57,275288,20.36,3.53,HVYRAIN
6/8/2026 13:57,275562,20.36,3.65,HVYRAIN
6/8/2026 13:57,275836,20.36,3.65,HVYRAIN
6/8/2026 13:57,276110,20.36,3.65,HVYRAIN
6/8/2026 13:57,276384,20.36,3.65,HVYRAIN
6/8/2026 13:57,276658,20.36,3.53,HVYRAIN
6/8/2026 13:57,276932,20.36,3.53,HVYRAIN
6/8/2026 13:57,277206,20.36,3.53,HVYRAIN
6/8/2026 13:57,277480,20.36,3.53,HVYRAIN
6/8/2026 13:57,277754,20.36,3.65,HVYRAIN
6/8/2026 13:57,278028,20.36,3.65,HVYRAIN
6/8/2026 13:57,278302,20.36,3.65,HVYRAIN
6/8/2026 13:57,278576,20.36,3.65,HVYRAIN
6/8/2026 13:57,278850,20.36,3.53,HVYRAIN
6/8/2026 13:57,279124,20.36,3.53,HVYRAIN
6/8/2026 13:57,279398,20.36,3.53,HVYRAIN
6/8/2026 13:57,279672,20.36,3.53,HVYRAIN
6/8/2026 13:57,279946,20.36,3.19,HVYRAIN
6/8/2026 13:57,280220,20.36,3.65,HVYRAIN
6/8/2026 13:57,280494,20.36,3.65,HVYRAIN
6/8/2026 13:57,280768,20.36,3.65,HVYRAIN
6/8/2026 13:57,281042,20.36,3.53,HVYRAIN
6/8/2026 13:57,281316,20.36,3.53,HVYRAIN
6/8/2026 13:57,281590,20.36,3.53,HVYRAIN
6/8/2026 13:57,281864,20.36,3.53,HVYRAIN
6/8/2026 13:57,282138,20.36,3.53,HVYRAIN
6/8/2026 13:57,282412,20.36,3.53,HVYRAIN
6/8/2026 13:57,282686,20.36,3.53,HVYRAIN
6/8/2026 13:57,282960,20.36,3.53,HVYRAIN
6/8/2026 13:57,283234,20.36,3.65,HVYRAIN
6/8/2026 13:57,283508,20.36,3.65,HVYRAIN
6/8/2026 13:57,283782,20.36,3.65,HVYRAIN
6/8/2026 13:57,284056,20.36,3.65,HVYRAIN
6/8/2026 13:57,284330,20.36,3.53,HVYRAIN
6/8/2026 13:57,284604,20.41,3.53,HVYRAIN
6/8/2026 13:57,284878,20.36,3.53,HVYRAIN
6/8/2026 13:57,285152,20.36,3.53,HVYRAIN
6/8/2026 13:57,285426,20.31,3.53,HVYRAIN
6/8/2026 13:57,285700,20.31,3.53,HVYRAIN
6/8/2026 13:57,285974,20.24,3.53,HVYRAIN
6/8/2026 13:57,286248,20.31,3.53,HVYRAIN
6/8/2026 13:57,286522,20.24,2.8,OBSTRUCT
6/8/2026 13:57,286798,20.34,2.8,OBSTRUCT
6/8/2026 13:57,287074,20.24,2.8,OBSTRUCT
6/8/2026 13:57,287350,20.43,2.8,OBSTRUCT
6/8/2026 13:57,287626,20.48,2.3,OBSTRUCT
6/8/2026 13:57,287902,20.34,2.3,OBSTRUCT
6/8/2026 13:57,288178,20.29,2.3,OBSTRUCT
6/8/2026 13:57,288454,20.29,2.3,OBSTRUCT
6/8/2026 13:57,288730,20.25,3.14,OBSTRUCT
6/8/2026 13:57,289006,20.24,3.14,OBSTRUCT
6/8/2026 13:57,289282,20.22,3.14,OBSTRUCT
6/8/2026 13:57,289558,20.55,3.14,OBSTRUCT
6/8/2026 13:57,289834,20.24,3.38,OBSTRUCT
6/8/2026 13:57,290110,20.48,3.38,OBSTRUCT
6/8/2026 13:57,290386,20.24,3.38,OBSTRUCT
6/8/2026 13:57,290662,20.43,3.38,OBSTRUCT
6/8/2026 13:57,290938,20.36,2.42,OBSTRUCT
6/8/2026 13:57,291214,20.24,2.42,OBSTRUCT
6/8/2026 13:57,291490,20.24,2.42,OBSTRUCT
6/8/2026 13:57,291766,20.41,2.42,OBSTRUCT
6/8/2026 13:57,292042,20.31,1.57,OBSTRUCT
6/8/2026 13:57,292318,20.24,1.57,OBSTRUCT
6/8/2026 13:57,292594,20.41,1.57,OBSTRUCT
6/8/2026 13:57,292870,20.24,1.57,OBSTRUCT
6/8/2026 13:57,293146,20.24,1.33,OBSTRUCT
6/8/2026 13:57,293422,20.41,1.33,OBSTRUCT
6/8/2026 13:57,293698,20.24,1.33,OBSTRUCT
6/8/2026 13:57,293974,20.48,1.33,OBSTRUCT
6/8/2026 13:57,294250,20.31,1.09,OBSTRUCT
6/8/2026 13:57,294526,20.55,1.09,OBSTRUCT
6/8/2026 13:57,294802,20.36,1.09,OBSTRUCT
6/8/2026 13:57,295078,20.96,1.09,OBSTRUCT
6/8/2026 13:57,295354,20.79,1.09,OBSTRUCT
6/8/2026 13:57,296030,20.75,1.09,WARNING
6/8/2026 13:57,296704,21.85,1.09,WARNING
6/8/2026 13:57,297378,22.28,0.82,WARNING
6/8/2026 13:57,298052,22.09,0.82,WARNING
6/8/2026 13:57,298326,20.43,0.89,OBSTRUCT
6/8/2026 13:57,298602,20.29,0.89,OBSTRUCT
6/8/2026 13:57,298878,20.24,0.89,OBSTRUCT
6/8/2026 13:57,299154,20.25,0.89,OBSTRUCT
6/8/2026 13:57,299430,20.48,1.09,OBSTRUCT
6/8/2026 13:57,299706,20.41,1.09,OBSTRUCT
6/8/2026 13:57,299982,20.36,1.09,OBSTRUCT
6/8/2026 13:57,300258,20.31,1.09,OBSTRUCT
6/8/2026 13:57,300534,20.24,1.21,OBSTRUCT
6/8/2026 13:57,300810,20.24,1.21,OBSTRUCT
6/8/2026 13:57,301086,20.24,1.21,OBSTRUCT
6/8/2026 13:57,301362,20.25,1.21,OBSTRUCT
6/8/2026 13:57,301638,20.24,1.33,OBSTRUCT
6/8/2026 13:57,301914,20.24,1.33,OBSTRUCT
6/8/2026 13:57,302190,20.24,1.33,OBSTRUCT
6/8/2026 13:57,302466,20.24,1.33,OBSTRUCT
6/8/2026 13:57,302742,20.24,1.33,OBSTRUCT
6/8/2026 13:57,303018,20.36,1.33,OBSTRUCT
6/8/2026 13:57,303294,20.48,1.33,OBSTRUCT
6/8/2026 13:57,303570,20.24,1.33,OBSTRUCT
6/8/2026 13:57,303846,20.43,1.33,OBSTRUCT
6/8/2026 13:57,304122,20.29,1.33,OBSTRUCT
6/8/2026 13:57,304398,20.24,1.33,OBSTRUCT
6/8/2026 13:57,304674,20.36,1.33,OBSTRUCT
6/8/2026 13:57,304950,20.25,1.09,OBSTRUCT
6/8/2026 13:57,305226,20.36,1.09,OBSTRUCT
6/8/2026 13:57,305502,20.22,1.09,OBSTRUCT
6/8/2026 13:57,305778,20.31,1.09,OBSTRUCT
6/8/2026 13:57,306054,20.53,1.09,OBSTRUCT
6/8/2026 13:57,306330,20.29,1.09,OBSTRUCT
6/8/2026 13:57,306606,20.48,1.09,OBSTRUCT
6/8/2026 13:57,306882,20.24,1.09,OBSTRUCT
6/8/2026 13:57,307158,20.41,0.85,OBSTRUCT
6/8/2026 13:57,307434,20.43,0.85,OBSTRUCT
6/8/2026 13:57,307710,20.48,0.85,OBSTRUCT
6/8/2026 13:57,307986,20.48,0.85,OBSTRUCT
6/8/2026 13:57,308262,20.24,0.24,OBSTRUCT
6/8/2026 13:57,308538,20.25,0.24,OBSTRUCT
6/8/2026 13:57,308814,20.24,0.24,OBSTRUCT
6/8/2026 13:57,309090,20.24,0.24,OBSTRUCT
6/8/2026 13:57,309366,20.24,0.0,OBSTRUCT
6/8/2026 13:57,309642,20.29,0.0,OBSTRUCT
6/8/2026 13:57,309918,20.31,0.0,OBSTRUCT
6/8/2026 13:57,310194,20.36,0.0,OBSTRUCT
6/8/2026 13:57,310470,20.36,0.0,OBSTRUCT
6/8/2026 13:57,310746,20.43,0.0,OBSTRUCT
6/8/2026 13:57,311022,20.48,0.0,OBSTRUCT
6/8/2026 13:57,311298,20.48,0.0,OBSTRUCT
6/8/2026 13:57,311574,20.48,0.0,OBSTRUCT
6/8/2026 13:57,311850,20.43,0.0,OBSTRUCT
6/8/2026 13:57,312126,20.31,0.0,OBSTRUCT
6/8/2026 13:57,312402,20.25,0.0,OBSTRUCT
6/8/2026 13:57,312678,20.24,0.0,OBSTRUCT
6/8/2026 13:57,312954,20.24,0.0,OBSTRUCT
6/8/2026 13:57,313230,20.29,0.0,OBSTRUCT
6/8/2026 13:57,313506,20.36,0.0,OBSTRUCT
6/8/2026 13:57,313782,20.48,0.0,OBSTRUCT
6/8/2026 13:57,314058,20.55,0.0,OBSTRUCT
6/8/2026 13:57,314334,20.53,0.0,OBSTRUCT
6/8/2026 13:57,314610,20.24,0.0,OBSTRUCT
6/8/2026 13:57,314886,20.25,0.0,OBSTRUCT
6/8/2026 13:57,315162,20.24,0.0,OBSTRUCT
6/8/2026 13:57,315438,20.24,0.0,OBSTRUCT
6/8/2026 13:57,315714,20.31,0.0,OBSTRUCT
6/8/2026 13:57,315990,20.31,0.0,OBSTRUCT
6/8/2026 13:57,316266,20.36,0.0,OBSTRUCT
6/8/2026 13:57,316542,20.36,0.0,OBSTRUCT
6/8/2026 13:57,316818,20.43,0.0,OBSTRUCT
6/8/2026 13:57,317094,20.49,0.0,OBSTRUCT
6/8/2026 13:57,317370,20.48,0.0,OBSTRUCT
6/8/2026 13:57,317646,20.55,0.0,OBSTRUCT
6/8/2026 13:57,317922,20.24,0.0,OBSTRUCT
6/8/2026 13:57,318198,20.24,0.0,OBSTRUCT
6/8/2026 13:57,318474,20.24,0.0,OBSTRUCT
6/8/2026 13:57,318750,20.25,0.0,OBSTRUCT
6/8/2026 13:57,319026,20.24,0.0,OBSTRUCT
6/8/2026 13:57,319302,20.29,0.0,OBSTRUCT
6/8/2026 13:57,319578,20.29,0.0,OBSTRUCT
6/8/2026 13:57,319854,20.36,0.0,OBSTRUCT
6/8/2026 13:57,320130,20.36,0.0,OBSTRUCT
6/8/2026 13:57,320406,20.43,0.0,OBSTRUCT
6/8/2026 13:57,320682,20.43,0.0,OBSTRUCT
6/8/2026 13:57,320958,20.46,0.0,OBSTRUCT
6/8/2026 13:57,321234,20.55,0.0,OBSTRUCT
6/8/2026 13:57,321510,20.24,0.0,OBSTRUCT
6/8/2026 13:57,321786,20.24,0.0,OBSTRUCT
6/8/2026 13:57,322062,20.24,0.0,OBSTRUCT
6/8/2026 13:57,322338,20.25,0.0,OBSTRUCT
6/8/2026 13:57,322614,20.24,0.0,OBSTRUCT
6/8/2026 13:57,322890,20.31,0.0,OBSTRUCT
6/8/2026 13:57,323166,20.31,0.0,OBSTRUCT
6/8/2026 13:57,323442,20.36,0.0,OBSTRUCT
6/8/2026 13:57,323718,20.36,0.0,OBSTRUCT
6/8/2026 13:57,323994,20.43,0.0,OBSTRUCT
6/8/2026 13:57,324270,20.48,0.0,OBSTRUCT
6/8/2026 13:57,324546,20.48,0.0,OBSTRUCT
6/8/2026 13:57,324822,20.24,0.0,OBSTRUCT
6/8/2026 13:57,325098,20.24,0.0,OBSTRUCT
6/8/2026 13:57,325374,20.24,0.0,OBSTRUCT
6/8/2026 13:57,325650,20.24,0.0,OBSTRUCT
6/8/2026 13:57,325926,20.24,0.0,OBSTRUCT
6/8/2026 13:57,326202,20.31,0.0,OBSTRUCT
6/8/2026 13:57,326478,20.31,0.0,OBSTRUCT
6/8/2026 13:58,326754,20.36,0.0,OBSTRUCT
6/8/2026 13:58,327030,20.36,0.0,OBSTRUCT
6/8/2026 13:58,327306,20.41,0.0,OBSTRUCT
6/8/2026 13:58,327582,20.43,0.0,OBSTRUCT
6/8/2026 13:58,327858,20.48,0.0,OBSTRUCT
6/8/2026 13:58,328134,20.53,0.0,OBSTRUCT
6/8/2026 13:58,328410,20.24,0.0,OBSTRUCT
6/8/2026 13:58,328686,20.24,0.0,OBSTRUCT
6/8/2026 13:58,328962,20.24,0.0,OBSTRUCT
6/8/2026 13:58,329238,20.25,0.0,OBSTRUCT
6/8/2026 13:58,329514,20.25,0.0,OBSTRUCT
6/8/2026 13:58,329790,20.31,0.0,OBSTRUCT
6/8/2026 13:58,330066,20.36,0.0,OBSTRUCT
6/8/2026 13:58,330342,20.36,0.0,OBSTRUCT
6/8/2026 13:58,330618,20.43,0.0,OBSTRUCT
6/8/2026 13:58,330894,20.41,0.0,OBSTRUCT
6/8/2026 13:58,331170,20.48,0.0,OBSTRUCT
6/8/2026 13:58,331446,20.48,0.0,OBSTRUCT
6/8/2026 13:58,331722,20.22,0.0,OBSTRUCT
6/8/2026 13:58,331998,20.24,0.0,OBSTRUCT
6/8/2026 13:58,332274,20.22,0.0,OBSTRUCT
6/8/2026 13:58,332550,20.24,0.0,OBSTRUCT
6/8/2026 13:58,332826,20.24,0.0,OBSTRUCT
6/8/2026 13:58,333102,20.31,0.0,OBSTRUCT
6/8/2026 13:58,333378,20.29,0.0,OBSTRUCT
6/8/2026 13:58,333654,20.34,0.0,OBSTRUCT
6/8/2026 13:58,333930,20.34,0.0,OBSTRUCT
6/8/2026 13:58,334206,20.41,0.0,OBSTRUCT
6/8/2026 13:58,334482,20.48,0.0,OBSTRUCT
6/8/2026 13:58,334758,20.36,0.24,OBSTRUCT
6/8/2026 13:58,335034,20.43,0.24,OBSTRUCT
6/8/2026 13:58,335310,20.48,0.24,OBSTRUCT
6/8/2026 13:58,335586,20.24,0.24,OBSTRUCT
6/8/2026 13:58,335862,20.24,2.42,OBSTRUCT
6/8/2026 13:58,336138,20.24,2.42,OBSTRUCT
6/8/2026 13:58,336414,20.29,2.42,OBSTRUCT
6/8/2026 13:58,336690,20.36,2.42,OBSTRUCT
6/8/2026 13:58,336966,20.41,2.42,OBSTRUCT
6/8/2026 13:58,337242,20.91,2.42,OBSTRUCT
6/8/2026 13:58,337918,21.32,2.42,WARNING
6/8/2026 13:58,338592,22.76,2.17,WARNING
6/8/2026 13:58,339166,23.6,2.17,NORMAL
6/8/2026 13:58,339739,24.39,1.71,NORMAL
6/8/2026 13:58,340311,24.15,1.71,NORMAL
6/8/2026 13:58,340883,24.15,1.4,NORMAL
6/8/2026 13:58,341455,24.15,1.4,NORMAL
6/8/2026 13:58,342027,24.13,1.17,NORMAL
6/8/2026 13:58,342599,24.15,1.17,NORMAL
6/8/2026 13:58,343171,24.13,1.05,NORMAL
6/8/2026 13:58,343743,24.2,1.05,NORMAL
6/8/2026 13:58,344315,24.2,1.17,NORMAL
6/8/2026 13:58,344887,24.15,1.17,NORMAL
6/8/2026 13:58,345459,24.15,0.93,NORMAL
6/8/2026 13:58,346031,24.15,0.93,NORMAL
6/8/2026 13:58,346603,24.13,1.05,NORMAL
6/8/2026 13:58,347175,24.15,1.05,NORMAL
6/8/2026 13:58,347747,24.2,0.93,NORMAL
6/8/2026 13:58,348320,24.15,0.93,NORMAL
6/8/2026 13:58,348892,24.2,0.82,NORMAL
6/8/2026 13:58,349464,24.13,0.82,NORMAL
6/8/2026 13:58,350036,24.15,0.82,NORMAL
6/8/2026 13:58,350608,24.15,0.82,NORMAL
6/8/2026 13:58,351180,24.13,0.7,NORMAL
6/8/2026 13:58,351752,24.13,0.7,NORMAL
6/8/2026 13:58,352324,24.15,0.7,NORMAL
6/8/2026 13:58,352897,24.22,0.7,NORMAL
6/8/2026 13:58,353469,24.15,0.7,NORMAL
6/8/2026 13:58,354042,24.18,0.7,NORMAL
6/8/2026 13:58,354614,24.2,0.58,NORMAL
6/8/2026 13:58,355187,24.2,0.58,NORMAL
6/8/2026 13:58,355759,24.2,0.58,NORMAL
6/8/2026 13:58,356332,24.2,0.58,NORMAL
6/8/2026 13:58,356904,24.2,0.35,NORMAL
6/8/2026 13:58,357477,24.22,0.35,NORMAL
6/8/2026 13:58,358049,24.2,0.0,NORMAL
6/8/2026 13:58,358622,24.2,0.0,NORMAL
6/8/2026 13:58,359194,24.2,0.0,NORMAL
6/8/2026 13:58,359767,24.2,0.0,NORMAL
6/8/2026 13:58,360339,24.2,0.0,NORMAL
6/8/2026 13:58,360912,24.2,0.0,NORMAL
6/8/2026 13:58,361484,24.2,0.0,NORMAL
6/8/2026 13:58,362057,24.22,0.0,NORMAL
6/8/2026 13:58,362629,24.2,0.0,NORMAL
6/8/2026 13:58,363201,24.2,0.0,NORMAL
6/8/2026 13:58,363773,24.2,0.0,NORMAL
6/8/2026 13:58,364346,24.22,0.0,NORMAL
6/8/2026 13:58,364918,24.2,0.0,NORMAL
6/8/2026 13:58,365491,24.22,0.0,NORMAL
6/8/2026 13:58,366063,22.32,2.29,WARNING
6/8/2026 13:58,366635,22.04,2.34,WARNING
6/8/2026 13:58,367207,22.39,1.78,WARNING
6/8/2026 13:58,367779,22.79,2.28,WARNING
6/8/2026 13:58,368351,21.99,2.31,WARNING
6/8/2026 13:58,368923,21.99,1.76,WARNING
6/8/2026 13:58,369495,22.81,3.18,WARNING
6/8/2026 13:58,370067,22.45,2.41,WARNING
6/8/2026 13:58,370639,21.89,1.49,WARNING
6/8/2026 13:58,371211,22.34,2.51,WARNING
6/8/2026 13:58,371783,21.89,1.61,WARNING
6/8/2026 13:58,372355,21.89,2.58,WARNING
6/8/2026 13:58,372927,22.21,2.79,WARNING
6/8/2026 13:58,373499,21.24,1.7,WARNING
6/8/2026 13:58,374071,21.32,2.68,WARNING
6/8/2026 13:58,374643,21.85,2.38,WARNING
6/8/2026 13:58,375215,21.64,2.6,WARNING
6/8/2026 13:58,375787,22.24,3.19,WARNING
6/8/2026 13:58,376359,21.69,2.02,WARNING
6/8/2026 13:58,376931,21.46,1.74,WARNING
6/8/2026 13:58,377503,22.76,1.66,WARNING
6/8/2026 13:58,378075,22.0,1.7,WARNING
6/8/2026 13:58,378647,22.13,2.11,WARNING
6/8/2026 13:58,379219,21.46,2.34,WARNING
6/8/2026 13:58,379791,21.86,2.3,WARNING
6/8/2026 13:58,380363,22.15,2.6,WARNING
6/8/2026 13:58,380935,21.58,2.16,WARNING
6/8/2026 13:58,381507,22.27,2.95,WARNING
6/8/2026 13:58,382079,21.83,2.0,WARNING
6/8/2026 13:58,382651,21.97,3.45,WARNING
6/8/2026 13:58,383223,21.83,2.49,WARNING
6/8/2026 13:58,383795,22.93,1.68,WARNING
6/8/2026 13:58,384367,22.09,1.56,WARNING
6/8/2026 13:58,384939,21.62,2.42,WARNING
6/8/2026 13:58,385511,22.47,2.03,WARNING
6/8/2026 13:58,386083,21.55,2.54,WARNING
6/8/2026 13:58,386655,22.19,2.41,WARNING
6/8/2026 13:58,387227,21.22,2.11,WARNING
6/8/2026 13:58,387799,21.5,1.68,WARNING
6/8/2026 13:58,388371,22.19,1.32,WARNING
6/8/2026 13:58,388943,22.43,1.9,WARNING
6/8/2026 13:59,389515,22.18,2.62,WARNING
6/8/2026 13:59,390087,22.05,2.27,WARNING
6/8/2026 13:59,390659,21.96,1.46,WARNING
6/8/2026 13:59,391231,21.43,2.25,WARNING
6/8/2026 13:59,391803,21.78,2.36,WARNING
6/8/2026 13:59,392375,21.89,1.66,WARNING
6/8/2026 13:59,392947,22.58,2.23,WARNING
6/8/2026 13:59,393519,22.25,2.18,WARNING
6/8/2026 13:59,394091,21.31,1.52,WARNING
6/8/2026 13:59,394663,22.25,2.35,WARNING
6/8/2026 13:59,395235,21.93,2.46,WARNING
6/8/2026 13:59,395807,21.8,2.75,WARNING
6/8/2026 13:59,396379,22.38,2.73,WARNING
6/8/2026 13:59,396951,22.56,1.39,WARNING
6/8/2026 13:59,397523,22.52,1.63,WARNING
6/8/2026 13:59,398095,21.72,2.43,WARNING
6/8/2026 13:59,398667,21.96,2.43,WARNING
6/8/2026 13:59,399239,22.25,2.43,WARNING
6/8/2026 13:59,399811,22.54,3.45,WARNING
6/8/2026 13:59,400383,21.88,2.46,WARNING
6/8/2026 13:59,400955,22.02,2.77,WARNING
6/8/2026 13:59,401527,21.6,2.67,WARNING
6/8/2026 13:59,402099,21.56,2.51,WARNING
6/8/2026 13:59,402671,22.47,1.98,WARNING
6/8/2026 13:59,403243,22.36,2.57,WARNING
6/8/2026 13:59,403815,22.07,1.72,WARNING
6/8/2026 13:59,404387,22.55,2.02,WARNING
6/8/2026 13:59,404959,22.26,1.88,WARNING
6/8/2026 13:59,405531,21.81,2.2,WARNING
6/8/2026 13:59,406103,22.26,3.42,WARNING
6/8/2026 13:59,406675,22.79,1.12,WARNING
6/8/2026 13:59,407247,22.08,2.53,WARNING
6/8/2026 13:59,407819,22.8,1.26,WARNING
6/8/2026 13:59,408391,21.05,1.89,WARNING
6/8/2026 13:59,408963,22.47,2.75,WARNING
6/8/2026 13:59,409535,22.14,2.19,WARNING
6/8/2026 13:59,410107,21.97,1.56,WARNING
6/8/2026 13:59,410679,22.14,1.76,WARNING
6/8/2026 13:59,411251,21.21,2.52,WARNING
6/8/2026 13:59,411823,22.0,1.75,WARNING
6/8/2026 13:59,412395,22.26,2.27,WARNING
6/8/2026 13:59,412967,22.77,2.18,WARNING
6/8/2026 13:59,413539,21.87,1.79,WARNING
6/8/2026 13:59,414111,21.74,3.33,WARNING
6/8/2026 13:59,414683,21.87,2.5,WARNING
6/8/2026 13:59,415255,22.51,1.04,WARNING
6/8/2026 13:59,415827,22.25,2.25,WARNING
6/8/2026 13:59,416399,21.86,1.79,WARNING
6/8/2026 13:59,416971,22.33,2.62,WARNING
6/8/2026 13:59,417543,22.14,1.71,WARNING
6/8/2026 13:59,418115,22.54,2.09,WARNING
6/8/2026 13:59,418687,21.78,2.43,WARNING
6/8/2026 13:59,419259,21.95,2.63,WARNING
6/8/2026 13:59,419831,21.92,1.49,WARNING
6/8/2026 13:59,420403,21.44,1.97,WARNING
6/8/2026 13:59,420975,22.23,1.89,WARNING
6/8/2026 13:59,421547,22.22,1.79,WARNING
6/8/2026 13:59,422119,22.1,3.12,WARNING
6/8/2026 13:59,422691,21.99,2.37,WARNING
6/8/2026 13:59,423263,21.46,1.46,WARNING
6/8/2026 13:59,423835,21.91,2.65,WARNING
6/8/2026 13:59,424407,21.95,3.32,WARNING
6/8/2026 13:59,424979,21.74,2.72,WARNING
6/8/2026 13:59,425551,22.03,1.31,WARNING
6/8/2026 13:59,426123,22.28,1.88,WARNING
6/8/2026 13:59,426695,22.95,2.85,WARNING
6/8/2026 13:59,427267,22.18,1.76,WARNING
6/8/2026 13:59,427839,22.22,2.39,WARNING
6/8/2026 13:59,428411,22.07,2.58,WARNING
6/8/2026 13:59,428983,21.24,1.64,WARNING
6/8/2026 13:59,429555,22.09,2.12,WARNING
6/8/2026 13:59,430127,22.13,0.85,WARNING
6/8/2026 13:59,430699,22.95,1.59,WARNING
6/8/2026 13:59,431271,22.01,2.01,WARNING
6/8/2026 13:59,431843,22.24,1.46,WARNING
6/8/2026 13:59,432415,22.08,3.05,WARNING
6/8/2026 13:59,432987,21.57,1.36,WARNING
6/8/2026 13:59,433559,22.61,1.91,WARNING
6/8/2026 13:59,434131,22.44,2.22,WARNING
6/8/2026 13:59,434703,22.46,2.94,WARNING
6/8/2026 13:59,435275,21.69,1.36,WARNING
6/8/2026 13:59,435847,22.73,2.79,WARNING
6/8/2026 13:59,436419,21.47,2.16,WARNING
6/8/2026 13:59,436991,22.36,1.61,WARNING
6/8/2026 13:59,437563,22.95,2.4,WARNING
6/8/2026 13:59,438135,21.65,2.26,WARNING
6/8/2026 13:59,438707,21.85,1.82,WARNING
6/8/2026 13:59,439279,22.14,2.19,WARNING
6/8/2026 13:59,439851,21.87,1.94,WARNING
6/8/2026 13:59,440423,20.73,2.21,WARNING
6/8/2026 13:59,440995,22.13,2.51,WARNING
6/8/2026 13:59,441567,21.62,3.02,WARNING
6/8/2026 13:59,442139,22.31,1.47,WARNING
6/8/2026 13:59,442711,21.69,3.32,WARNING
6/8/2026 13:59,443283,22.8,1.08,WARNING
6/8/2026 13:59,443855,21.75,2.07,WARNING
6/8/2026 13:59,444427,21.96,2.47,WARNING
6/8/2026 13:59,444999,22.47,2.3,WARNING
6/8/2026 13:59,445571,21.55,1.81,WARNING
6/8/2026 13:59,446143,22.2,2.04,WARNING
6/8/2026 13:59,446715,22.34,1.88,WARNING
6/8/2026 13:59,447287,21.38,1.83,WARNING
6/8/2026 13:59,447859,22.18,2.62,WARNING
6/8/2026 13:59,448431,22.22,2.35,WARNING
6/8/2026 13:59,449003,22.45,1.77,WARNING
6/8/2026 14:00,449575,21.54,2.64,WARNING
6/8/2026 14:00,450147,21.51,2.32,WARNING
6/8/2026 14:00,450719,22.33,2.6,WARNING
6/8/2026 14:00,451291,22.23,2.5,WARNING
6/8/2026 14:00,451863,23.52,1.36,NORMAL
6/8/2026 14:00,452435,23.63,1.94,NORMAL
6/8/2026 14:00,453007,24.15,1.63,NORMAL
6/8/2026 14:00,453579,24.09,1.12,NORMAL
6/8/2026 14:00,454151,23.84,1.19,NORMAL
6/8/2026 14:00,454723,23.9,0.7,NORMAL
6/8/2026 14:00,455295,24.36,1.19,NORMAL
6/8/2026 14:00,455867,23.61,1.06,NORMAL
6/8/2026 14:00,456439,24.07,1.36,NORMAL
6/8/2026 14:00,457011,23.77,0.79,NORMAL
6/8/2026 14:00,457583,23.76,1.46,NORMAL
6/8/2026 14:00,458155,24.29,1.97,NORMAL
6/8/2026 14:00,458727,24.18,1.15,NORMAL
6/8/2026 14:00,459299,24.18,1.4,NORMAL
6/8/2026 14:00,459871,24.37,1.55,NORMAL
6/8/2026 14:00,460443,23.86,1.0,NORMAL
6/8/2026 14:00,461015,24.12,1.31,NORMAL
6/8/2026 14:00,461587,23.73,1.21,NORMAL
6/8/2026 14:00,462159,23.98,1.25,NORMAL
6/8/2026 14:00,462731,23.8,0.81,NORMAL
6/8/2026 14:00,463303,23.89,1.21,NORMAL
6/8/2026 14:00,463875,24.09,1.45,NORMAL
6/8/2026 14:00,464447,23.52,1.93,NORMAL
6/8/2026 14:00,465019,24.69,1.68,NORMAL
6/8/2026 14:00,465591,23.45,2.28,NORMAL
6/8/2026 14:00,466163,23.36,0.82,NORMAL
6/8/2026 14:00,466735,24.31,1.64,NORMAL
6/8/2026 14:00,467307,24.17,1.29,NORMAL
6/8/2026 14:00,467879,24.1,2.29,NORMAL
6/8/2026 14:00,468451,24.1,0.8,NORMAL
6/8/2026 14:00,469023,23.85,0.78,NORMAL
6/8/2026 14:00,469595,23.49,0.9,NORMAL
6/8/2026 14:00,470167,23.88,0.14,NORMAL
6/8/2026 14:00,470739,23.58,0.94,NORMAL
6/8/2026 14:00,471311,24.24,0.82,NORMAL
6/8/2026 14:00,471883,23.79,1.28,NORMAL
6/8/2026 14:00,472455,23.52,1.37,NORMAL
6/8/2026 14:00,473027,23.72,2.14,NORMAL
6/8/2026 14:00,473599,24.02,1.68,NORMAL
6/8/2026 14:00,474171,23.62,0.91,NORMAL
6/8/2026 14:00,474743,23.52,0.75,NORMAL
6/8/2026 14:00,475315,23.95,1.45,NORMAL
6/8/2026 14:00,475887,23.95,0.54,NORMAL
6/8/2026 14:00,476459,23.65,2.12,NORMAL
6/8/2026 14:00,477031,23.66,1.79,NORMAL
6/8/2026 14:00,477603,23.94,0.97,NORMAL
6/8/2026 14:00,478175,23.27,0.34,NORMAL
6/8/2026 14:00,478747,23.29,1.88,NORMAL
6/8/2026 14:00,479319,23.56,1.14,NORMAL
6/8/2026 14:00,479891,23.76,1.82,NORMAL
6/8/2026 14:00,480463,19.18,2.75,OBSTRUCT
6/8/2026 14:00,481035,19.63,2.54,OBSTRUCT
6/8/2026 14:00,481607,19.9,2.98,OBSTRUCT
6/8/2026 14:00,482179,19.92,3.56,OBSTRUCT
6/8/2026 14:00,482751,19.7,3.43,OBSTRUCT
6/8/2026 14:00,483323,20.18,3.07,OBSTRUCT
6/8/2026 14:00,483895,19.42,3.84,OBSTRUCT
6/8/2026 14:00,484467,19.84,2.7,OBSTRUCT
6/8/2026 14:00,485039,19.95,2.62,OBSTRUCT
6/8/2026 14:00,485611,20.13,3.04,OBSTRUCT
6/8/2026 14:00,486183,20.22,3.15,OBSTRUCT
6/8/2026 14:00,486755,19.39,3.04,OBSTRUCT
6/8/2026 14:00,487327,19.21,2.53,OBSTRUCT
6/8/2026 14:00,487899,20.47,3.03,OBSTRUCT
6/8/2026 14:00,488471,20.05,2.72,OBSTRUCT
6/8/2026 14:00,489043,19.56,3.22,OBSTRUCT
6/8/2026 14:00,489615,20.6,3.14,OBSTRUCT
6/8/2026 14:00,490187,19.95,2.82,OBSTRUCT
6/8/2026 14:00,490759,20.43,2.92,OBSTRUCT
6/8/2026 14:00,491331,19.93,2.79,OBSTRUCT
6/8/2026 14:00,491903,20.83,3.03,OBSTRUCT
6/8/2026 14:00,492475,21.3,3.29,OBSTRUCT
6/8/2026 14:00,493047,19.79,2.8,OBSTRUCT
6/8/2026 14:00,493619,20.34,3.18,OBSTRUCT
6/8/2026 14:00,494191,20.19,2.92,OBSTRUCT
6/8/2026 14:00,494763,20.52,2.85,OBSTRUCT
6/8/2026 14:00,495335,19.47,3.02,OBSTRUCT
6/8/2026 14:00,495907,20.21,2.79,OBSTRUCT
6/8/2026 14:00,496479,20.38,2.91,OBSTRUCT
6/8/2026 14:00,497051,19.11,2.75,OBSTRUCT
